{
    "symptoms": "stomach ache, sore throat, frequent migraines, anxiety, insomnia",
    "name": "my prescription account",
    "id": 2004,
    "prescriptions": [
        {
            "dosage": "50 mg",
            "schedule": [
                "05:00",
                "11:00"
            ],
            "number": 29,
            "directions": "refrigerate bottle",
            "imprint": "CL34",
            "name": "rizatriptan",
            "buffer": 6,
            "counter": 1,
            "lastRefill": "2023-02-14",
            "refillDate": "2023-03-01",
            "frequency": 2
        },
        {
            "dosage": "10 mg",
            "schedule": ["08:00"],
            "number": 60,
            "directions": "take with food",
            "imprint": "P20",
            "name": "escitalopram",
            "buffer": 24,
            "counter": 0,
            "lastRefill": "2023-01-20",
            "refillDate": "2023-03-21",
            "frequency": 1
        },
        {
            "dosage": "50 mg",
            "schedule": [
                "08:00",
                "15:00",
                "22:00"
            ],
            "number": 50,
            "directions": "take before bed",
            "imprint": "biocraft 14",
            "name": "oxacillin",
            "buffer": 7,
            "counter": 0,
            "lastRefill": "2023-12-01",
            "refillDate": "2023-12-17",
            "frequency": 3
        },
        {
            "dosage": "10 mg",
            "schedule": [
                "08:00",
                "14:00",
                "20:00",
                "02:00"
            ],
            "number": 100,
            "directions": "take after meal",
            "imprint": "I-2",
            "name": "ibuprofen",
            "buffer": 6,
            "counter": 0,
            "lastRefill": "2022-11-29",
            "refillDate": "2022-12-24",
            "frequency": 4
        },
        {
            "dosage": "100 mg",
            "schedule": ["08:00"],
            "number": 60,
            "directions": "take with food",
            "imprint": "NEW",
            "name": "new prescription",
            "buffer": 24,
            "counter": 0,
            "lastRefill": "2023-03-15",
            "refillDate": "2023-05-14",
            "frequency": 1
        }
    ]
}