{
  "name": "my patient account",
  "id": 12155,
  "symptoms": "real",
  "prescriptions" : [
  {
    "name": "escitalopram",
    "imprint": "P20",
    "number": 60,
    "dosage": "10 mg",
    "directions": "take with food",
    "buffer": 24,
    "frequency": 1,
    "lastRefill":"2023-01-01",
    "refillDate":"2023-03-21",
    "counter": 0,
    "schedule" : ["08:00"]
  },
    {
      "name": "rizatriptan",
      "imprint": "CL34",
      "number": 30,
      "dosage": "50 mg",
      "directions": "refrigerate bottle",
      "buffer": 6,
      "frequency": 2,
      "lastRefill":"2023-02-14",
      "refillDate":"2023-03-01",
      "counter": 0,
      "schedule" : ["08:00", "14:00"]
    }
  ]
}
